{
    "FD Error": {
        "-1": [
            [
                1.0,
                1.0,
                1.0,
                1.0,
                1.0
            ],
            [
                0.218064860302384,
                0.21002663640750155,
                0.22908463357789105,
                0.23587244955863668,
                0.19686240127767446
            ],
            [
                0.06698836360788807,
                0.06738643728127702,
                0.07304640898203803,
                0.0744106126817782,
                0.056611282963564734
            ],
            [
                0.025345447692475976,
                0.027663361692049127,
                0.028508021017004653,
                0.02831558496200616,
                0.021501532572556537
            ],
            [
                0.010583638481557796,
                0.012355137704553702,
                0.012139318548896777,
                0.011836889130490361,
                0.009046346467587419
            ],
            [
                0.0046503055112605135,
                0.005686768749757067,
                0.005372753934700677,
                0.005186897483406608,
                0.0039450421373828475
            ]
        ],
        "0": [
            [
                1.0,
                1.0,
                1.0,
                1.0,
                1.0
            ],
            [
                0.1351830883547222,
                0.13118282806759288,
                0.14157782088759935,
                0.14561316103244537,
                0.1282872461162925
            ],
            [
                0.02132144757134093,
                0.020484145743872,
                0.023306404984718726,
                0.02427285024432861,
                0.01884876167825057
            ],
            [
                0.003851627159781436,
                0.003813886225242763,
                0.004391196251235164,
                0.004555296102257985,
                0.003282194043347954
            ],
            [
                0.000763486694130747,
                0.0007998398506063405,
                0.0009071166534056781,
                0.00093040469775084,
                0.0006575438358731461
            ],
            [
                0.00016044768954525383,
                0.0001788340418045009,
                0.00019787185173497605,
                0.00020070671400014778,
                0.000142715587895094
            ]
        ],
        "1": [
            [
                1.0,
                1.0,
                1.0,
                1.0,
                1.0
            ],
            [
                0.08313358004407818,
                0.0819248142580044,
                0.08601316561936889,
                0.08783188525903857,
                0.08166853393537438
            ],
            [
                0.007316634564344039,
                0.007105713323441276,
                0.007824337673721973,
                0.008124491977051585,
                0.006948761813340743
            ],
            [
                0.0006836414974264728,
                0.0006584871313419397,
                0.0007539496745979429,
                0.0007917647248208835,
                0.0006223159818834108
            ],
            [
                6.750143478380902e-05,
                6.525265608354386e-05,
                7.663808521252172e-05,
                8.093135722517375e-05,
                5.9197099638521144e-05
            ],
            [
                6.974633790471408e-06,
                6.853875040253883e-06,
                8.143979255230217e-06,
                8.610063239261962e-06,
                5.992705260901473e-06
            ]
        ],
        "2": [
            [
                1.0,
                1.0,
                1.0,
                1.0,
                1.0
            ],
            [
                0.04875358158701983,
                0.04852182443116214,
                0.049823325301565094,
                0.050563675725662206,
                0.04860600771757232
            ],
            [
                0.0024248820912354785,
                0.002401258083416803,
                0.0025337010891463914,
                0.0026048002705172657,
                0.0023973187078652246
            ],
            [
                0.00012317403884067813,
                0.00012134875623604012,
                0.0001314803721812816,
                0.00013672969182453569,
                0.00012005544769672693
            ],
            [
                6.393750042385015e-06,
                6.269984286942922e-06,
                6.962717877211822e-06,
                7.312278834113651e-06,
                6.112966708253444e-06
            ],
            [
                3.390177709922956e-07,
                3.313800039152724e-07,
                3.760571542531438e-07,
                3.981406477266985e-07,
                3.169290407055155e-07
            ]
        ]
    },
    "RFD Error": {
        "-1": [
            [
                1.0,
                1.0,
                1.0,
                1.0,
                1.0
            ],
            [
                0.1046324123155372,
                0.09519290063596304,
                0.10108241919747339,
                0.1062370048790349,
                0.09286891975780527
            ],
            [
                0.02278010638148954,
                0.01690074893966294,
                0.01529937455778721,
                0.01841690812032812,
                0.016731412924180285
            ],
            [
                0.007814974605635365,
                0.004997324418336319,
                0.0035561002898797695,
                0.0051509717244855495,
                0.004997615276887748
            ],
            [
                0.003011416778834968,
                0.0017787708000754495,
                0.0011084134137647208,
                0.00177680003596791,
                0.001748750603983908
            ],
            [
                0.0011991117609786931,
                0.0006707518434758626,
                0.00039169491211978513,
                0.000654923189030863,
                0.0006459064447160084
            ]
        ],
        "0": [
            [
                1.0,
                1.0,
                1.0,
                1.0,
                1.0
            ],
            [
                0.06343553537523403,
                0.060572599629507624,
                0.06441677016441741,
                0.0668480138595405,
                0.05961233649893929
            ],
            [
                0.00572954325978294,
                0.004827852936498007,
                0.0049916509517765675,
                0.0055249768729273615,
                0.004599240228689433
            ],
            [
                0.0008186705818093423,
                0.000577537441650519,
                0.0004944278793594137,
                0.0006236331528749766,
                0.0005404562518480607
            ],
            [
                0.00014935248642473613,
                9.368014042564008e-05,
                6.506964965426171e-05,
                9.443387274181444e-05,
                8.620554476078094e-05
            ],
            [
                2.9350710159807186e-05,
                1.7201110992785292e-05,
                1.0591825300075707e-05,
                1.666966509376032e-05,
                1.550863239124919e-05
            ]
        ],