{
    "FD Error": {
        "-1": [
            [
                1.0,
                1.0,
                1.0,
                1.0,
                1.0
            ],
            [
                0.5463566563922533,
                0.5579046331025855,
                0.5463696141224083,
                0.5486983620640323,
                0.5603341968180552
            ],
            [
                0.3406073536595694,
                0.35102955850429607,
                0.34061549315422374,
                0.34438377691414057,
                0.35323040725884136
            ],
            [
                0.22547523993141597,
                0.23356004896191154,
                0.22559484522642292,
                0.22876573702094058,
                0.23506619957782096
            ],
            [
                0.15481921116299419,
                0.16074486403894248,
                0.15477970020834317,
                0.15696773834342065,
                0.16174329834770723
            ],
            [
                0.10897863943952248,
                0.1132109139487476,
                0.10867457293471082,
                0.11007144004153557,
                0.11384979965864034
            ]
        ],
        "0": [
            [
                1.0,
                1.0,
                1.0,
                1.0,
                1.0
            ],
            [
                0.2807604389518724,
                0.28619865431060676,
                0.28084097162910976,
                0.2822709457654541,
                0.2873771040419856
            ],
            [
                0.08869731941932206,
                0.09125385854807039,
                0.08881912250222807,
                0.08979121094243303,
                0.0917409825487576
            ],
            [
                0.029628255053101918,
                0.030642982010153957,
                0.029710082732288777,
                0.03009276108630203,
                0.030798891490701114
            ],
            [
                0.010245267600394143,
                0.01062240601770168,
                0.010273346269030599,
                0.010397309851164953,
                0.010670976382381363
            ],
            [
                0.003627844043886961,
                0.003763634187059271,
                0.003631303769291368,
                0.003667745781105895,
                0.003778159988010759
            ]
        ],
        "1": [
            [
                1.0,
                1.0,
                1.0,
                1.0,
                1.0
            ],
            [
                0.14268007432988472,
                0.14530635934290842,
                0.14276205407336373,
                0.14353354974417695,
                0.145863972065514
            ],
            [
                0.022726414477974875,
                0.023357452960725847,
                0.022777692343569345,
                0.023019643169062676,
                0.023466678161679723
            ],
            [
                0.0038176899921339253,
                0.003944389799442444,
                0.003833275614169484,
                0.003878943020062196,
                0.003961047944843329
            ],
            [
                0.0006630446489710224,
                0.000686750051504774,
                0.0006659879849329612,
                0.0006730334871363916,
                0.0006892153687540859
            ],
            [
                0.00011783419178863339,
                0.00012211785400086488,
                0.0001181928212808235,
                0.00011915343566520709,
                0.00012246297984707711
            ]
        ],
        "2": [
            [
                1.0,
                1.0,
                1.0,
                1.0,
                1.0
            ],
            [
                0.07198453982796758,
                0.0732728879388346,
                0.07204014336786908,
                0.07243713125561936,
                0.0735399569507171
            ],
            [
                0.005760189125830545,
                0.005916723746777199,
                0.005776107225016195,
                0.0058359080577294106,
                0.005942074325146468
            ],
            [
                0.00048541206060520603,
                0.000501216486175513,
                0.00048774264471494375,
                0.0004932457702578544,
                0.0005030889607392558
            ],
            [
                4.226103747820208e-05,
                4.374426723012979e-05,
                4.2486708209907195e-05,
                4.289738308659001e-05,
                4.387775133253396e-05
            ],
            [
                3.763280140413874e-06,
                3.8975147901540745e-06,
                3.7788638097714906e-06,
                3.805287449253077e-06,
                3.9063626505346305e-06
            ]
        ]
    },
    "RFD Error": {
        "-1": [
            [
                1.0,
                1.0,
                1.0,
                1.0,
                1.0
            ],
            [
                0.4655958948086054,
                0.4686046674065717,
                0.45572886763963705,
                0.46250062559971583,
                0.4689245046190091
            ],
            [
                0.2679483277295539,
                0.2693332200719215,
                0.2584211590894947,
                0.2653761457980049,
                0.27332033969618647
            ],
            [
                0.16731437873182947,
                0.16733722473674004,
                0.15985646029072723,
                0.16456602517625993,
                0.17248324206480126
            ],
            [
                0.10818112349631594,
                0.10759584050251822,
                0.10261093845565103,
                0.10546315976554703,
                0.11234876714968015
            ],
            [
                0.07162772945557738,
                0.07093481335508713,
                0.06749993020852642,
                0.0691468797457157,
                0.07472633002459411
            ]
        ],
        "0": [
            [
                1.0,
                1.0,
                1.0,
                1.0,
                1.0
            ],
            [
                0.2385816647066172,
                0.2394690929191071,
                0.23326643446821144,
                0.23694862752102167,
                0.23962184570487702
            ],
            [
                0.06937408984811536,
                0.06952474054915711,
                0.06686040495299743,
                0.06865583363756239,
                0.07052040024422428
            ],
            [
                0.021796519921916547,
                0.021738751163183734,
                0.020811724367675585,
                0.021410292330817267,
                0.02237669428029256
            ],
            [
                0.007082789423448101,
                0.007028218347680388,
                0.006713872489403811,
                0.006892233619962599,
                0.007321888052972538
            ],
            [
                0.0023547824473739705,
                0.0023280317520568794,
                0.002217576806780787,
                0.002268209969031789,
                0.00244467833305395
            ]
        ],