{
    "CountSketch": {
        "all_times": {
            "2": [
                [
                    0.0
                ],
                [
                    0.32655422104289755
                ],
                [
                    0.3331731850048527
                ],
                [
                    0.33973181300098076
                ],
                [
                    0.3463388290256262
                ],
                [
                    0.35290611104574054
                ],
                [
                    0.3594855780247599
                ],
                [
                    0.3660389350261539
                ],
                [
                    0.3726407579961233
                ],
                [
                    0.3792021709959954
                ],
                [
                    0.3857623660005629
                ]
            ]
        },
        "build times": {
            "2": [
                0.3158355359919369
            ]
        },
        "errors": {
            "2": [
                [
                    1.0
                ],
                [
                    0.7685239888608573
                ],
                [
                    0.5692867612096797
                ],
                [
                    0.7127934042578608
                ],
                [
                    0.9201116344770757
                ],
                [
                    1.2500830849347742
                ],
                [
                    1.7336985538228926
                ],
                [
                    2.4439905501193846
                ],
                [
                    3.485891202573604
                ],
                [
                    5.016372814644085
                ],
                [
                    7.268722435720003
                ]
            ]
        },
        "iteration times": {
            "2": [
                0.040347860724432395
            ]
        }
    },
    "Exact": {
        "solve time": {
            "2": [
                1.7859709379845299
            ]
        }
    },
    "FD": {
        "all_times": {
            "2": [
                [
                    0.0
                ],
                [
                    6.225643958023284
                ],
                [
                    6.237264107039664
                ],
                [
                    6.248941792000551
                ],
                [
                    6.260321604029741
                ],
                [
                    6.2718629550072365
                ],
                [
                    6.283323302050121
                ],
                [
                    6.2933656990062445
                ],
                [
                    6.299757639004383
                ],
                [
                    6.306184055050835
                ],
                [
                    6.312704298994504
                ]
            ]
        },
        "build times": {
            "2": [
                6.200351261009928
            ]
        },
        "errors": {
            "2": [
                [
                    1.0
                ],
                [
                    0.03377122676295884
                ],
                [
                    0.0015431155302211383
                ],
                [
                    8.471355342889917e-05
                ],
                [
                    4.8085004795065794e-06
                ],
                [
                    2.838711660332364e-07
                ],
                [
                    1.7013532068232136e-08
                ],
                [
                    1.034243712184634e-09
                ],
                [
                    6.34005606231077e-11
                ],
                [
                    3.914278306423746e-12
                ],
                [
                    2.471399056595672e-13
                ]
            ]
        },
        "iteration times": {
            "2": [
                0.07358568001072854
            ]
        }
    },
    "RFD": {
        "all_times": {
            "2": [
                [
                    0.0
                ],
                [
                    6.2184456959948875
                ],
                [
                    6.225038356031291
                ],
                [
                    6.235982506012078
                ],
                [
                    6.247633375984151
                ],
                [
                    6.258835302025545
                ],
                [
                    6.2703902600333095
                ],
                [
                    6.279730012000073
                ],
                [
                    6.286266172013711
                ],
                [
                    6.292743540019728
                ],
                [
                    6.2990841179853305
                ]
            ]
        },
        "build times": {
            "2": [
                6.208127597987186
            ]
        },
        "errors": {
            "2": [
                [
                    1.0
                ],
                [
                    0.02359119770844211
                ],
                [
                    0.0005766842729583478
                ],
                [
                    2.166277932923147e-05
                ],
                [
                    8.593831518186924e-07
                ],
                [
                    4.086994276413451e-08
                ],
                [
                    2.0497319932986905e-09
                ],
                [
                    1.1075882496745749e-10
                ],
                [
                    6.091510396432849e-12
                ],
                [
                    3.457750999164139e-13
                ],
                [
                    4.567870073491537e-14
                ]
            ]
        },
        "iteration times": {
            "2": [
                0.05328733582282439
            ]
        }
    },
    "SRHT": {
        "all_times": {
            "2": [
                [
                    0.0
                ],
                [
                    0.5860834930208512
                ],
                [
                    0.5927642780006863
                ],
                [
                    0.5994050209992565
                ],
                [
                    0.6059650399838574
                ],
                [
                    0.6126527059823275
                ],
                [
                    0.6192015390261076
                ],
                [
                    0.6257680330309086
                ],
                [
                    0.6323806319851428
                ],
                [
                    0.6402298409957439
                ],
                [
                    0.6469611459760927
                ]
            ]
        },
        "build times": {
            "2": [
                0.5757037830189802
            ]
        },